search_key,search_time,keyword,article_index,title,url,snippet,pub_date,ai_summary
2026 벚꽃 개화시기-202602111741,2026-02-11 17:41:59.828031,2026 벚꽃 개화시기,1,[날씨학개론] 100년 만에 일찍 핀 서울의 벚꽃…봄꽃 개화 시기 빨라진 이유는?,https://m.science.ytn.co.kr/view.php?s_mcd=0082&key=202104061630516914,"## [날씨학개론] 100년 만에 일찍 핀 서울의 벚꽃…봄꽃 개화 시기 빨라진 이유는? 2021년 04월 06일 오전 09:00. 올해는 서울의 벚꽃이 거의 100년 만에 가장 일찍 폈습니다. 2, 3월 날씨가 유난히 따뜻했기 때문인데, 이렇게 봄꽃 피는 시기가 갈수록 빨라지고 있다고 합니다. 네, 식물의 개화 시기는 일반적으로 기온과 낮의 길이에 따라 달라지는데요. 다양한 광주기 조건에서 개화 시기를 관찰한 결과 낮이 길 때 꽃이 피는 장일식물, 짧을 때 피는 단일식물, 이와 관계없는 중일식물로 나뉘는데요. 낮의 길이와 기온에 따라 개화 시기가 결정된다는 것이군요. 올해 서울 벚꽃이, 관측 이후 99년 만에. 지난 3월 24일 공식적으로 서울의 벚꽃이 개화함에 따라, 99년 만에 가장 빨리 벚꽃이 개화한 겁니다. 서울의 경우 평균 벚꽃 개화일이 4월 10일인데, 평년보다 17일 빠르고, 역대 가장 빨랐던 지난해 3월 27일보다도 3일이 일렀습니다. 벚꽃이 예년보다 일찍 개화한 이유는 2월과 3월 평균기온이 평년보다 높고, 일조시간도 평년보다 많았기 때문입니다. 그런데 벚꽃이 개화했다는 이야기를 뉴스에서도 많이 이야기하는데, 어디에 있는 나무에서 얼마나 꽃이 펴야 개화로 인정받는지 기준이 궁금해요. 네, 벚꽃처럼 한 개체에 많은 꽃이 피는 다화성 식물은 임의의 한 가지에서 세 송이 이상 꽃이 활짝 피었을 때를 개화로 판단하는데요. 이를 위해 표준관측목이라고 벚꽃 개화의 기준이 되는 묘목을 정해 운영하고 있습니다. 같은 지역이라고 하더라도 동네마다 꽃이 피는 것이 다 다르므로 주요 지역 및 지점에 기준이 되는 묘목을 정해 운영하고 있습니다. 이 나무의 한 가지에 세 송이 이상의 벚꽃이 피게 되면 서울에 벚꽃이 공식적으로 개화한 것으로 선언하고요. 이 표준 관측목의 80% 이상이 피었을 때 벚꽃이 만개했다고 하는데요. 최근에는 봄꽃 개화 시기가 과거와는 달라지고 있습니다. 올해처럼 서울의 봄꽃들이 아흐레 사이에 모두 피는 등 동시 개화 경향이 자주 나타나고 있는데요. 경희대 연구팀의 결과를 보면 서울 등 전국 6개 지점에서 개나리가 핀 이후 벚꽃이 개화할 때까지 지연일이 1951년부터 1980년대에는 평균 14일이었는데, 1981년부터 2010년에는 11일로 단축됐다고 합니다. 그런데 이렇게 봄꽃 개화 시기가 변하면 생태계에는 문제가 발생한다고요? 이와 관련해 전문가들을 봄꽃 개화 시기의 변동 폭이 커지면 커질수록 이에 적응하지 못하는 동물들이 멸종한다거나 혹은 그 다양성이 줄어들 수 있다고 우려를 표하고 있습니다. 벚꽃이 이렇게 빨리 피었지만, 지난해에 이어 올해도 벚꽃 축제는 즐기기가 어렵죠? 네, 코로나 사태가 이어짐에 따라 올해도 지난해에 이어 대부분의 봄꽃 축제는 취소되고 있습니다. 서울에도 벚꽃이 개화하고 만개하며 본격적인 벚꽃의 향연이 시작되었고, 다른 대부분 지역도 봄꽃이 만발했지만, 봄꽃 축제는 대부분 취소가 됐는데요.",,"다음은 뉴스 기사들의 핵심 내용을 요약한 것입니다.

*   2021년 서울의 벚꽃은 약 100년 만에, 일본 교토의 벚꽃은 1200년 만에 가장 빨리 개화했습니다. 이는 2~3월의 따뜻한 기온과 일조량 증가, 기후변화 및 도시 열섬 효과 때문입니다.
*   벚꽃 개화 시기는 주로 2월과 3월의 기온에 가장 큰 영향을 받으며, 전반적으로 봄꽃 개화 시기가 빨라지고 개나리와 벚꽃의 개화 간격도 단축되는 경향을 보입니다.
*   봄꽃 개화 시기가 빨라지고 변동 폭이 커지면 동식물의 생체리듬 교란으로 생태계 다양성이 줄어들거나 특정 종의 멸종을 초래할 수 있다는 우려가 있습니다. 또한, 일찍 핀 벚꽃은 꽃샘추위에 더 취약해질 수 있습니다.
*   벚꽃 개화는 특정 지역의 표준 관측목에서 세 송이 이상 꽃이 활짝 피었을 때 공식적으로 선언되며, 만개는 80% 이상 피었을 때로 판단합니다.
*   하지만 3월의 잦은 비와 낮은 평균 온도 등 매년 기후 조건에 따라 벚꽃 개화 시기가 지난해보다 늦어지기도 했습니다. 그럼에도 코로나19 팬데믹으로 대부분의 봄꽃 축제는 취소되었습니다."
2026 벚꽃 개화시기-202602111741,2026-02-11 17:41:59.828031,2026 벚꽃 개화시기,2,벚꽃 개화 지난해보다 5일 늦는다… 서울 다음달 15일 절정 - 경향신문,https://www.khan.co.kr/article/201403131610301,"기상청은 13일 “벚꽃 개화 시기는 남부지방은 내달 1∼12일, 중부 지방은 7∼11일, 경기 북부와 강원 북부 및 산간지방은 10일 이후가 될 것으로 예상된다”",,"다음은 뉴스 기사들의 핵심 내용을 요약한 것입니다.

*   2021년 서울의 벚꽃은 약 100년 만에, 일본 교토의 벚꽃은 1200년 만에 가장 빨리 개화했습니다. 이는 2~3월의 따뜻한 기온과 일조량 증가, 기후변화 및 도시 열섬 효과 때문입니다.
*   벚꽃 개화 시기는 주로 2월과 3월의 기온에 가장 큰 영향을 받으며, 전반적으로 봄꽃 개화 시기가 빨라지고 개나리와 벚꽃의 개화 간격도 단축되는 경향을 보입니다.
*   봄꽃 개화 시기가 빨라지고 변동 폭이 커지면 동식물의 생체리듬 교란으로 생태계 다양성이 줄어들거나 특정 종의 멸종을 초래할 수 있다는 우려가 있습니다. 또한, 일찍 핀 벚꽃은 꽃샘추위에 더 취약해질 수 있습니다.
*   벚꽃 개화는 특정 지역의 표준 관측목에서 세 송이 이상 꽃이 활짝 피었을 때 공식적으로 선언되며, 만개는 80% 이상 피었을 때로 판단합니다.
*   하지만 3월의 잦은 비와 낮은 평균 온도 등 매년 기후 조건에 따라 벚꽃 개화 시기가 지난해보다 늦어지기도 했습니다. 그럼에도 코로나19 팬데믹으로 대부분의 봄꽃 축제는 취소되었습니다."
2026 벚꽃 개화시기-202602111741,2026-02-11 17:41:59.828031,2026 벚꽃 개화시기,3,벚꽃이 피는 날짜를 어떻게 미리 알 수 있을까 - 중앙일보,https://www.joongang.co.kr/article/23433131,"벚꽃 개화 시기는 보통 2월과 3월의 기온에 가장 큰 영향을 받는 것으로 알려졌다. 케이웨더 측도 2월 상순과 중순 지역별 관측기온을 바탕으로, 또 2월",,"다음은 뉴스 기사들의 핵심 내용을 요약한 것입니다.

*   2021년 서울의 벚꽃은 약 100년 만에, 일본 교토의 벚꽃은 1200년 만에 가장 빨리 개화했습니다. 이는 2~3월의 따뜻한 기온과 일조량 증가, 기후변화 및 도시 열섬 효과 때문입니다.
*   벚꽃 개화 시기는 주로 2월과 3월의 기온에 가장 큰 영향을 받으며, 전반적으로 봄꽃 개화 시기가 빨라지고 개나리와 벚꽃의 개화 간격도 단축되는 경향을 보입니다.
*   봄꽃 개화 시기가 빨라지고 변동 폭이 커지면 동식물의 생체리듬 교란으로 생태계 다양성이 줄어들거나 특정 종의 멸종을 초래할 수 있다는 우려가 있습니다. 또한, 일찍 핀 벚꽃은 꽃샘추위에 더 취약해질 수 있습니다.
*   벚꽃 개화는 특정 지역의 표준 관측목에서 세 송이 이상 꽃이 활짝 피었을 때 공식적으로 선언되며, 만개는 80% 이상 피었을 때로 판단합니다.
*   하지만 3월의 잦은 비와 낮은 평균 온도 등 매년 기후 조건에 따라 벚꽃 개화 시기가 지난해보다 늦어지기도 했습니다. 그럼에도 코로나19 팬데믹으로 대부분의 봄꽃 축제는 취소되었습니다."
2026 벚꽃 개화시기-202602111741,2026-02-11 17:41:59.828031,2026 벚꽃 개화시기,4,"올해 벚꽃, 지난해보다 1∼3일 늦게 개화해 8일 길게 폈다 - 연합뉴스",https://www.yna.co.kr/view/AKR20240507057200060,국립수목원은 3월 잦은 비로 일조량이 부족하고 평균 온도가 지난해보다 낮아 벚나무 꽃이 피고 잎이 나는 시기가 늦어진 것으로 판단했다. 올해 3월 평균,,"다음은 뉴스 기사들의 핵심 내용을 요약한 것입니다.

*   2021년 서울의 벚꽃은 약 100년 만에, 일본 교토의 벚꽃은 1200년 만에 가장 빨리 개화했습니다. 이는 2~3월의 따뜻한 기온과 일조량 증가, 기후변화 및 도시 열섬 효과 때문입니다.
*   벚꽃 개화 시기는 주로 2월과 3월의 기온에 가장 큰 영향을 받으며, 전반적으로 봄꽃 개화 시기가 빨라지고 개나리와 벚꽃의 개화 간격도 단축되는 경향을 보입니다.
*   봄꽃 개화 시기가 빨라지고 변동 폭이 커지면 동식물의 생체리듬 교란으로 생태계 다양성이 줄어들거나 특정 종의 멸종을 초래할 수 있다는 우려가 있습니다. 또한, 일찍 핀 벚꽃은 꽃샘추위에 더 취약해질 수 있습니다.
*   벚꽃 개화는 특정 지역의 표준 관측목에서 세 송이 이상 꽃이 활짝 피었을 때 공식적으로 선언되며, 만개는 80% 이상 피었을 때로 판단합니다.
*   하지만 3월의 잦은 비와 낮은 평균 온도 등 매년 기후 조건에 따라 벚꽃 개화 시기가 지난해보다 늦어지기도 했습니다. 그럼에도 코로나19 팬데믹으로 대부분의 봄꽃 축제는 취소되었습니다."
2026 벚꽃 개화시기-202602111741,2026-02-11 17:41:59.828031,2026 벚꽃 개화시기,5,일본 벚꽃 절정 1200년만에 가장 빨랐다 - 경향신문,https://www.khan.co.kr/article/202103311729001,"실제로 교토의 벚꽃 만개 시점은 812년부터 산업화 초기인 1800년대까지 1000년동안 비교적 일정하게 유지됐다. 1850년을 기준으로 했을 때 벚꽃이 처음 꽃을 피우는 시점은 4월17일로 지금보다 한 참 늦었다.

쿡 연구원은 “1800년대 이후 날씨가 따뜻해지면서 오늘날까지 개화 시점은 점차 빨라지는 경향을 보였다”며 “온난화에는 기후변화가 일부 영향을 미쳤고, 지난 2세기 동안의 도시화로 인한 열섬효과 역시 영향을 미쳤다”고 했다.

올 봄 일본 전역에서는 이례적으로 일찌감치 벚꽃이 폈다. 도쿄에서는 3월22일 벚꽃이 만개했는데 이는 1953년 이래 2번째로 빠른 기록이다. 20도에 육박하는 포근한 날씨가 한 주 내내 이어지면서 빠른 만개에 영향을 미쳤다.

일본 뿐 아니라 한국에서도 기록적으로 빠른 시점에 벚꽃이 피었다. 기상청에 따르면 서울의 벚꽃 개화 기준으로 삼는 서울 종로구 서울기상관츨소에 지정된 왕벚나무가 3월24일 꽃을 피웠다. 이는 1922년 서울에서 벚꽃 개화 관측을 시작한 이래 가장 빠른 기록이다. 평년 기록인 4월10일보다 약 17일이 빨랐다. 종전 기록인 지난해(3월27일)보다도 사흘이나 빨랐다. 서울에서도 2~3월 평균기온이 평년보다 2~3도 가량 높았던 것이 영향을 미쳤다.

빨라진 개화 시기는 벚꽃을 꽃샘 추위에 노출 시켜 생장을 방해할 가능성이 있다. 식물 종의 출현 시기를 추적하는 미국 국립생물계절학네트워크의 테레사 크림민스 이사는 “개화일이 점차 빨라지는 경향은 잠재적으로 벚꽃을 봄의 꽃샘추위에 더 취약하게 만들 가능성이 있다”고 말했다.

이효상 기자

이효상 기자 [...] # 창간 80주년 경향신문

일본 벚꽃 절정 1200년만에 가장 빨랐다

경향신문

공유하기

카카오톡

페이스북

X

URL 복사

이메일

보기 설정

글자 크기

보통

크게

아주 크게

컬러 모드

라이트

다크

베이지

그린

컬러 모드

라이트

다크

베이지

그린

본문 요약

내 뉴스플리에 저장

# 일본 벚꽃 절정 1200년만에 가장 빨랐다

입력 2021.03.31 17:29

올해 일본의 벚꽃 만개 시기가 기록을 시작한 800년대 이래 1200년만에 가장 빨랐던 것으로 조사됐다.

BBC는 30일 일본 오사카 대학의 자료를 인용해 올해 교토의 벚꽃이 지난 3월26일 절정을 맞았다고 보도했다. 교토는 812년부터 벚꽃 만개 시기를 기록했는데, 올해는 조사를 시작한 이래 만개 시기가 가장 빨랐다. 종전 기록은 1409년으로 3월27일에 교토의 벚꽃이 절정을 이룬 바 있다.

한 일본 여성이 지난 27일 도쿄의 우에노 공원에서 벚꽃 구경을 하고 있다. 도쿄|로이터연합뉴스

한 일본 여성이 지난 27일 도쿄의 우에노 공원에서 벚꽃 구경을 하고 있다. 도쿄|로이터연합뉴스

올해 유난히 따뜻한 날씨가 벚꽃의 빠른 만개에 영향을 미쳤다. 연구자들은 최근의 기후변화 흐름이 영향을 미쳤을 가능성이 있다고 보고 있다.

벤자민 쿡 컬럼비아대 연구원은 워싱턴포스트에 “교토의 벚꽃 만개 기록은 오랜 역사를 가지고 있을 뿐 아니라 벚꽃의 개화 시점이 봄철 기온에 민감하게 반응한다는 점에서 기후 변화 연구에서 매우 가치가 높다”고 말했다. [...] 이효상 기자

이효상 기자

주간경향

글자 크기 설정

보통

크게

아주 크게

컬러 모드 설정

라이트

다크

베이지

그린

공유하기

카카오톡

페이스북

X

URL 복사

이메일

### 주요 기사

### 더 깊이, 더 넓게 보는 기사

점선면

매일 아침 '점선면'이  
뉴스의 맥락과 관점을 정리해드려요!

뉴스레터를 구독해주셔서 감사합니다.

!(

플랫컨트롤+F

오라클 과대평가 맞을까?···래리 엘리슨은 침묵 중

영상

![“우리 졸업했어요” 국민대 2025년도 전기 학위수여식…서울 시내 대학 졸업 시즌 시작 [현장 화보]](

사진현장 화보

![[인터랙티브] 불법계엄의 재구성](//img.khan.co.kr/ranking/khan/mobile/MAInteractive/1268_1767820409_A1R2lVCXGyn55dGP.png)

인터랙티브

### 지금 많이 보는 기사

### 읽어볼 만한 기사

더 적게 읽고, 더 많이 아는 점선면

### 뉴스룸 PICK

### 에디터 PICK

![[이창진의 우주로 읽는 과학]누리호 성공에 기술·경제만 관심…‘문화’ 담아야 우주개발 역량 커진다](

이창진의 우주로 읽는 과학

늙고 장애가 있더라도 함께 잘 살아야죠…동물의 ‘생로병사’에 공감

이진송의 아니 근데

뉴스레터를 구독해주셔서 감사합니다.

전체 동의는 선택 항목에 대한 동의를 포함하고 있으며, 선택 항목에 대해 동의를 거부해도 서비스 이용이 가능합니다.",,"다음은 뉴스 기사들의 핵심 내용을 요약한 것입니다.

*   2021년 서울의 벚꽃은 약 100년 만에, 일본 교토의 벚꽃은 1200년 만에 가장 빨리 개화했습니다. 이는 2~3월의 따뜻한 기온과 일조량 증가, 기후변화 및 도시 열섬 효과 때문입니다.
*   벚꽃 개화 시기는 주로 2월과 3월의 기온에 가장 큰 영향을 받으며, 전반적으로 봄꽃 개화 시기가 빨라지고 개나리와 벚꽃의 개화 간격도 단축되는 경향을 보입니다.
*   봄꽃 개화 시기가 빨라지고 변동 폭이 커지면 동식물의 생체리듬 교란으로 생태계 다양성이 줄어들거나 특정 종의 멸종을 초래할 수 있다는 우려가 있습니다. 또한, 일찍 핀 벚꽃은 꽃샘추위에 더 취약해질 수 있습니다.
*   벚꽃 개화는 특정 지역의 표준 관측목에서 세 송이 이상 꽃이 활짝 피었을 때 공식적으로 선언되며, 만개는 80% 이상 피었을 때로 판단합니다.
*   하지만 3월의 잦은 비와 낮은 평균 온도 등 매년 기후 조건에 따라 벚꽃 개화 시기가 지난해보다 늦어지기도 했습니다. 그럼에도 코로나19 팬데믹으로 대부분의 봄꽃 축제는 취소되었습니다."
바이브 코딩  피로감-202602121440,2026-02-12 14:40:48.482437,바이브 코딩  피로감,1,신혜원 기자 - JTBC 뉴스,https://news.jtbc.co.kr/journalist/302,... 피로감이 쌓이거든요. 그리고 지금 우리가 뭐 주가지수가 높고 이렇지만 사실 ... 바이브 코딩 얘기를 하면서 말로 하면 코드를 짜주는. 예전에 입스타라는 게,,"다음 뉴스 기사들의 핵심 내용은 아래와 같습니다:

*   바이브 코딩은 인간이 자연어로 원하는 프로그램을 설명하면 인공지능(AI)이 직접 코드를 생성해 구현하는 새로운 소프트웨어 개발 방식입니다.
*   이 방식은 코딩 지식 없이도 앱이나 프로그램을 쉽게 만들 수 있게 하여, 초보자도 창작자가 될 수 있도록 돕는다는 점에서 주목받고 있습니다.
*   오픈AI의 안드레이 카르파시가 처음 제시했으며, 영국의 콜린스 사전이 2025년 올해의 단어로 선정할 만큼 큰 관심을 받고 있습니다.
*   하지만 AI 생성 코드의 오류 수정에 오히려 시간이 더 소요되거나 신뢰성 및 보안 문제가 제기되는 등 한계점도 존재합니다.
*   주로 코딩 경험이 전무한 초보자 또는 중요한 문제 발생 시 이를 해결할 수 있는 숙련된 개발자에게 가장 유용하다는 분석이 있습니다."
바이브 코딩  피로감-202602121440,2026-02-12 14:40:48.482437,바이브 코딩  피로감,2,"바이브 코딩 열풍, 코딩 몰라도 앱 하나로 ‘뚝딱’ - 레이디경향",https://lady.khan.co.kr/culture/article/202511261406001,"‘코딩을 몰라도 앱을 만드는 시대’가 본격적으로 열리고 있다. 그 시작을 도와줄 신간 <바로 배워서 바로 써먹는 바이브 코딩>도 IT 서적 중 큰 주목을 받고 있다. 인공지능이 일상 곳곳에 스며들면서, ‘코딩을 몰라도 앱을 만드는 시대’가 본격적으로 열리고 있다. 덕분에 초보자도 손쉽게 앱 화면을 만들고, 비주얼 요소와 프로그램 로직을 동시에 다루는 경험을 할 수 있다. 구글 앱스 스크립트(Google Apps Script)는 구글 시트와 직접 연동해 AI 기능을 구현할 수 있는 플랫폼으로 주목받는다. Gemini API와 같은 AI 모델을 연결하면, 실시간 데이터 처리와 자동화 로직을 이용한 ‘AI 기반 교육용 앱’도 비교적 쉽게 만들 수 있다. 사용자 인터페이스(UI)를 직접 디자인하면, 즉시 코드를 추출해 테스트해볼 수 있는 점이 강점이다. 디자인 감각과 프로토타이핑 능력을 함께 키울 수 있어 “아이디어가 곧 실제 기능으로 연결되는 재미가 있다”는 평가를 얻고 있다. AI 기반 바이브 코딩은 단순히 개발 시간을 줄이는 수준을 넘어, 더 많은 사람이 창작자의 역할을 수행하게 만드는 기술로 자리 잡고 있다. <바로 배워서 바로 써먹는 바이브 코딩> 다빈치 books 출판사 측은 “이 책은 누구나 아이디어만 있다면 앱 개발자가 될 수 있다는 것을 보여주는 책”이라며, “교사뿐 아니라 학생, 일반 독자 모두가 일상에 꼭 필요한 앱을 직접 만들어 활용할 수 있도록 돕는 친절한 안내서”라고 소개했다. 하지만 지금 그랬다가는 망신을 당할 수 있다. 미국의 리더스 다이제스트는 미국 항공사 및 미국 교통안전국(TSA) 기준을 토대로 기내에서 가져갈 수 있는 것과 그렇지 않은 것을 정리해 소개했다. 운동을 꾸준히 하는데도 몸이 가벼워지기는커녕, 늘 피곤하고 여기저기 뻐근하다면 이유는 따로 있을 수 있다. 일상생활에서 늘 접하는 평범한 물건이나 습관이, 의식하지 못한 사이에 금전운에 부정적 영향을 줄 수 있다는 흥미로운 시선이 있다. 일본 라이프스타일 매체 TRILL은 점성술사의 조언을 바탕으로, 일상 속에서 금전운을 저해할 수 있는 아이템과 행동을 소개했다. 단순히 보기에 깨끗해 보인다고 해서 방치하면, 우리가 모르는 사이에 숨 쉬는 공기 속에 미생물이 떠다닐 수 있다. 최근 운동 과학에서는 헬스장 대신 일상 속 짧고 강한 움직임이 건강과 수명에 의미 있는 영향을 줄 수 있다는 연구들이 나오고 있다. 최근 해외 생활 매체 Tom’s Guide는 주방에서 흔히 쓰는 한 가지 재료만으로 변기를 비교적 깨끗하게 유지할 수 있는 생활 팁을 소개했다. 화학 세정제에 의존하지 않고도 일상 속 관리 습관만으로 변기 위생을 개선할 수 있다는 점에서 눈길을 끈다. 피부 관리에 시간과 비용을 쏟아도, 정작 먹는 음식이 피부 문제의 원인일 수 있다. The Healthy는 피부과 전문의와 영양 전문가들이 피부 건강을 해칠 수 있는 음식을 지적하며 식습관과 피부 상태의 연관성을 강조했다.",,"다음 뉴스 기사들의 핵심 내용은 아래와 같습니다:

*   바이브 코딩은 인간이 자연어로 원하는 프로그램을 설명하면 인공지능(AI)이 직접 코드를 생성해 구현하는 새로운 소프트웨어 개발 방식입니다.
*   이 방식은 코딩 지식 없이도 앱이나 프로그램을 쉽게 만들 수 있게 하여, 초보자도 창작자가 될 수 있도록 돕는다는 점에서 주목받고 있습니다.
*   오픈AI의 안드레이 카르파시가 처음 제시했으며, 영국의 콜린스 사전이 2025년 올해의 단어로 선정할 만큼 큰 관심을 받고 있습니다.
*   하지만 AI 생성 코드의 오류 수정에 오히려 시간이 더 소요되거나 신뢰성 및 보안 문제가 제기되는 등 한계점도 존재합니다.
*   주로 코딩 경험이 전무한 초보자 또는 중요한 문제 발생 시 이를 해결할 수 있는 숙련된 개발자에게 가장 유용하다는 분석이 있습니다."
바이브 코딩  피로감-202602121440,2026-02-12 14:40:48.482437,바이브 코딩  피로감,3,팩플 123페이지 - 중앙일보,https://www.joongang.co.kr/factpl?page=123,심지어 코딩 못해도 할 수 있다. 로블록스가 무료로 공개하는 '로블록스 스튜디오 ... 피로감이 높아졌다”며 “클럽하우스 같은 새로운 SNS는 '대다수의 관심'보다,,"다음 뉴스 기사들의 핵심 내용은 아래와 같습니다:

*   바이브 코딩은 인간이 자연어로 원하는 프로그램을 설명하면 인공지능(AI)이 직접 코드를 생성해 구현하는 새로운 소프트웨어 개발 방식입니다.
*   이 방식은 코딩 지식 없이도 앱이나 프로그램을 쉽게 만들 수 있게 하여, 초보자도 창작자가 될 수 있도록 돕는다는 점에서 주목받고 있습니다.
*   오픈AI의 안드레이 카르파시가 처음 제시했으며, 영국의 콜린스 사전이 2025년 올해의 단어로 선정할 만큼 큰 관심을 받고 있습니다.
*   하지만 AI 생성 코드의 오류 수정에 오히려 시간이 더 소요되거나 신뢰성 및 보안 문제가 제기되는 등 한계점도 존재합니다.
*   주로 코딩 경험이 전무한 초보자 또는 중요한 문제 발생 시 이를 해결할 수 있는 숙련된 개발자에게 가장 유용하다는 분석이 있습니다."
바이브 코딩  피로감-202602121440,2026-02-12 14:40:48.482437,바이브 코딩  피로감,4,[산업이지]느낌에 몸을 맡기면 AI가 코딩을 척척?…‘바이브 코딩’이 뭐길래 - 경향신문,https://www.khan.co.kr/article/202504200600001,": 바이브 코딩을 해봤다는 사람들의 후기를 보면 'AI의 오류를 바로잡느라 오히려 손이 더 많이 갔다'는 평가가 적지 않습니다. 미국의 과학기술매체 MIT테크놀로지리뷰는 지난 16일 기사에서 ""바이브 코딩은 막연한 아이디어를 현실화하는 데 도움을 줄 수 있지만 신뢰성과 보안을 담보할 수는 없다""고 지적했습니다. 그러면서 AI 보안 전문가 토빈 사우스의 말을 인용해 ""바이브 코딩의 수혜자는 두 부류""라며 ""이미 코딩을 잘 알고 중요한 문제가 발생했을 때 이를 고칠 수 있는 능력이 있는 사람이거나 코딩 경험이 거의 없는 완전한 초보자들""이라고 분석했습니다. 챗GPT가 ‘바이브 코딩을 하는 개발자의 이미지를 그려달라’는 기자의 요청을 받고 만들어준 이미지. 바로 ‘바이브 코딩’(Vibe Coding)입니다. 이번 주 ‘산업이지’에서는 바이브 코딩의 유행을 통해 인공지능(AI) 기술의 현재를 들여다보겠습니다. 바이브 코딩이란 인간이 AI와 자연어(인간의 언어)로 대화하며 원하는 프로그램을 설명하면 AI가 코딩을 통해 이를 구현하는 개발 방식입니다. 챗GPT 개발사 오픈AI의 창립 멤버이자 저명한 AI 연구자인 안드레 카파시가 처음 제시했습니다. 그는 지난 2월 SNS에 “최근 내가 ‘바이브 코딩’이라 부르는 새로운 유형의 코딩이 있다”며 “그저 느낌에 몸을 맡기고, 지수적 변화를 받아들이며 코드 존재조차 잊는 것”이라고 설명했습니다. 개발자와 IT업계 관계자들은 바이브 코딩을 두고 열렬한 토론을 벌이기 시작했습니다. 온라인 커뮤니티에는 바이브 코딩으로 몇 시간 만에 웹페이지나 프로그램을 뚝딱 만들어냈다는 후기가 줄이었고요. 바이브 코딩에 관한 관심은 두 달이 지난 지금까지도 식지 않고 있습니다. 챗GPT를 비롯한 생성형 AI가 등장한 이후 이미 많은 개발자가 AI와 함께 일하고 있습니다. 그런데도 바이브 코딩이 화제가 된 것은 ‘주도권’을 누가 갖느냐의 문제가 걸려있기 때문입니다. 그간의 협업이 인간이 주도하고 AI가 보조하는 방식이었다면, 바이브 코딩에선 인간보다 AI의 역할이 커집니다. 바이브 코딩이 기존의 코딩 방식, 나아가 개발자의 역할을 근본적으로 바꿔놓을 것이라는 관측이 나오는 이유죠. 하지만 바이브 코딩을 모든 사람이나 프로젝트에 적용할 수 있는 것은 아닌 듯합니다. 바이브 코딩을 해봤다는 사람들의 후기를 보면 ‘AI의 오류를 바로잡느라 오히려 손이 더 많이 갔다’는 평가가 적지 않습니다. 미국의 과학기술매체 MIT테크놀로지리뷰는 지난 16일(현지시간) 기사에서 “바이브 코딩은 막연한 아이디어를 현실화하는 데 도움을 줄 수 있지만 신뢰성과 보안을 담보할 수는 없다”고 지적했습니다. 그러면서 AI 보안 전문가 토빈 사우스의 말을 인용해 “바이브 코딩의 수혜자는 두 부류”라며 “이미 코딩을 잘 알고 중요한 문제가 발생했을 때 이를 고칠 수 있는 능력이 있는 사람이거나 코딩 경험이 거의 없는 완전한 초보자들”이라고 분석했습니다. 비록 바이브 코딩이 완벽하진 않아도 누군가에겐 분명 유용한 방식임을 인정한 것이죠. 그렇다면 바이브 코딩이 불러올 변화는 무엇일까요. **개인정보 보유 및 이용기간**- 원칙적으로 개인정보 수집 및 이용목적이 달성된 후에 해당정보를 지체없이 파기합니다. 그 밖의 사항은 경향신문 개인정보취급방침을 준수합니다.",,"다음 뉴스 기사들의 핵심 내용은 아래와 같습니다:

*   바이브 코딩은 인간이 자연어로 원하는 프로그램을 설명하면 인공지능(AI)이 직접 코드를 생성해 구현하는 새로운 소프트웨어 개발 방식입니다.
*   이 방식은 코딩 지식 없이도 앱이나 프로그램을 쉽게 만들 수 있게 하여, 초보자도 창작자가 될 수 있도록 돕는다는 점에서 주목받고 있습니다.
*   오픈AI의 안드레이 카르파시가 처음 제시했으며, 영국의 콜린스 사전이 2025년 올해의 단어로 선정할 만큼 큰 관심을 받고 있습니다.
*   하지만 AI 생성 코드의 오류 수정에 오히려 시간이 더 소요되거나 신뢰성 및 보안 문제가 제기되는 등 한계점도 존재합니다.
*   주로 코딩 경험이 전무한 초보자 또는 중요한 문제 발생 시 이를 해결할 수 있는 숙련된 개발자에게 가장 유용하다는 분석이 있습니다."
바이브 코딩  피로감-202602121440,2026-02-12 14:40:48.482437,바이브 코딩  피로감,5,느낌으로 코딩하는 시대! 영국 콜린스 올해의 단어로 ‘바이브 코딩’ 선정 < 오늘의 시사 < 어린이 뉴스 < 기사본문 - 어린이동아,https://kids.donga.com/news/articleView.html?idxno=167371,"어린이동아
어린이동아

# 느낌으로 코딩하는 시대! 영국 콜린스 올해의 단어로 ‘바이브 코딩’ 선정

영국 콜린스는 2025년 올해의 단어로 ‘바이브 코딩’을 선정했다. 콜린스 제공

“인공지능(AI), 귀여운 고양이가 물고기를 잡는 게임을 만들어 줘.”

이렇게만 말했는데 진짜 게임이 만들어진다면 믿을 수 있나요? 이런 일이 가능한 세상이 오고 있어요. 사람이 복잡한 코드를 하나하나 쓰지 않아도, AI가 우리의 말을 알아듣고 멋진 결과물을 만들어 주는 거죠. 코드란 컴퓨터 프로그램, 애플리케이션(앱) 등을 만들 때 사용하는 컴퓨터 언어. 우리가 일상에서 쓰는 언어와는 다른, 컴퓨터가 알아들을 수 있는 명령어죠.

이런 새로운 코딩 방식은 ‘바이브 코딩(Vibe coding)’이라고 해요. ‘바이브 코딩’은 영국의 영어 사전 콜린스가 2025년 올해의 단어로 뽑은 말! 세계적인 영어 사전 출판사인 콜린스는 한 해 동안 새롭게 등장하거나 사람들의 관심을 많이 받은 단어를 골라 매년 ‘올해의 단어’를 발표해요.

‘바이브(Vibe)’는 분위기, 느낌이라는 뜻. 즉 바이브 코딩은 ‘느낌으로 하는 코딩’, ‘말로 만드는 프로그래밍’을 표현한 말이에요. 예전에는 영어와 숫자가 잔뜩 섞인 복잡한 코드를 직접 써야 했지만, 이제는 자연스럽게 말하거나 글로 설명하는 것만으로도 프로그램을 만들 수 있게 됐어요. 결국 ‘바이브 코딩’은 AI를 통해 프로그램 코드를 짜는 소프트웨어 개발 방식을 뜻하는 말! [...] 영국 BBC 등에 따르면 이 말을 처음 쓴 사람은 챗GPT를 만든 오픈AI의 공동창업자이자 테슬라의 AI 책임자였던 안드레이 카르파시. 그는 “분위기(vibe)에 몸을 맡기고 코드가 있다는 사실조차 잊는다”며 “코드의 존재를 잊고도 앱을 만들 수 있는 시대가 온다”고 말했죠.

올해의 단어 후보에는 ‘바이브 코딩’처럼 기술과 관련된 말이 여럿 있었어요. 예를 들어 △몸의 자연적인 과정을 바꿔 건강과 수명을 늘리려는 활동인 ‘바이오해킹(biohacking)’ △컴퓨터나 로봇, AI를 낮출 때 쓰는 말인 ‘클랭커(clanker)’ 등이 최종 후보에 올랐죠.

또한 △정치에 영향력을 미치는 억만장자들을 가리키는 ‘브롤리가키(broligarchy)’ △일은 하지 않지만 일하는 척 보이려는 행동을 뜻하는 ‘태스크마스킹(taskmasking)’ △잠시 일을 멈추고 자신을 돌보는 짧은 휴식 ‘마이크로 은퇴(micro-retirement)’ 등도 최종 후보에 올랐답니다.

한편 지난해 콜린스가 뽑은 올해의 단어는 팝가수 찰리 XCX의 앨범에서 유래한 ‘브랫(brat)’이었어요. ‘자신감 넘치고 독립적이며, 즐거움을 중시하는 태도’를 뜻하는 단어였죠.

[한 뼘 더] 올 한 해의 나를 가장 잘 표현하는 영어 단어를 하나 고르고, 그 이유를 함께 써보세요.

ND소프트",,"다음 뉴스 기사들의 핵심 내용은 아래와 같습니다:

*   바이브 코딩은 인간이 자연어로 원하는 프로그램을 설명하면 인공지능(AI)이 직접 코드를 생성해 구현하는 새로운 소프트웨어 개발 방식입니다.
*   이 방식은 코딩 지식 없이도 앱이나 프로그램을 쉽게 만들 수 있게 하여, 초보자도 창작자가 될 수 있도록 돕는다는 점에서 주목받고 있습니다.
*   오픈AI의 안드레이 카르파시가 처음 제시했으며, 영국의 콜린스 사전이 2025년 올해의 단어로 선정할 만큼 큰 관심을 받고 있습니다.
*   하지만 AI 생성 코드의 오류 수정에 오히려 시간이 더 소요되거나 신뢰성 및 보안 문제가 제기되는 등 한계점도 존재합니다.
*   주로 코딩 경험이 전무한 초보자 또는 중요한 문제 발생 시 이를 해결할 수 있는 숙련된 개발자에게 가장 유용하다는 분석이 있습니다."
코덱스-202602121457,2026-02-12 14:57:01.630022,코덱스,1,한미 공동 개발 '코로나그래프' 성공적 발사… 코로나의 비밀 파헤친다,https://kids.donga.com/news/articleView.html?idxno=164203,"그런데 코덱스를 활용하면 이 같은 문제를 해결할 수 있지요. 코덱스에는 우주에서 태양 표면의 밝은 빛을 막을 수 있도록 동그란 가리개가 장착됐어요. 언제든지 인공적(사람의 힘으로 만든)으로 개기일식을 일으킬 수 있는 것. 개기일식은 자주 발생하지 않는데다가 단 몇 분간만 지속되는데, 코덱스를 활용하면 이런 것을 신경 쓰지 않고 언제든 코로나를 볼 수 있어요.

코덱스에 탑재된 핵심 부품 가운데 카메라에 특히 시선이 쏠려요. 천문연이 개발한 ‘편광카메라’가 바로 그것. 편광은 특정한 방향으로 진동하는 빛을 말해요. 천문연은 서로 다른 네 개의 각도에서 비추는 편광을 동시에 촬영할 수 있는 카메라를 개발하고 코덱스에 적용했어요. 우주에서 이 같은 기술이 활용되는 것은 이번이 처음.

이런 기술을 바탕으로 코덱스는 태양 반경(반지름)의 3∼10배에 이르는, 넓은 영역에서의 코로나의 온도와 밀도는 물론이고 코로나에서 부는 바람의 속도까지 한꺼번에 측정해요. 앞으로 코덱스는 1개월 간 시험 운영을 거친 뒤 ISS가 지구를 한 바퀴 도는 주기인 90분 가운데 55분간 태양을 관측하는 임무를 최대 2년 간 수행하게 돼요.

태양 표면의 빛이 가려져야 포착할 수 있는 우주 현상인 코로나. NASA 제공

코로나 관측이 중요한 이유는? [...] 어린이동아
어린이동아

# 한미 공동 개발 ‘코로나그래프’ 성공적 발사… 코로나의 비밀 파헤친다

## 태양의 비밀을 파헤쳐라!

한국천문연구원과 NASA가 함께 개발한 ‘코로나그래프(코덱스·CODEX)’가 시험 가동되고 있는 모습. 한국천문연구원 제공

한국과 미국이 태양의 비밀을 풀기 위해 공동으로 개발한 ‘코로나그래프(코덱스·CODEX)’가 국제우주정거장(ISS)에 성공적으로 도착했어요. 코덱스는 미지(아직 알지 못함)의 영역인 태양의 ‘코로나’를 관측하기 위해 한국천문연구원(아래 천문연)과 미국 항공우주국(NASA·나사)이 함께 개발한, 특별한 망원경.

태양 대기의 가장 바깥에 있는 가스층인 코로나는 그 밝기는 태양 표면보다 어둡지만 온도는 100만∼500만 도로, 태양 표면의 온도(약 6000도)보다 훨씬 뜨겁지요. 단, 그 원인에 대해서는 밝혀진 바가 없기에 코덱스가 숙제를 풀기 위해 우주로 보내진 것. 코덱스에 어떤 특수한 기술이 적용되었는지, 코덱스의 임무가 중요한 이유는 무엇인지에 대해 알아보아요.

개기일식 만들어 코로나 수시로 관측

그동안 코로나를 지구에서 관측하기 위해서는 개기일식(태양이 달에 완전히 가려 보이지 않는 현상) 같은 현상에 의존해야 했어요. 태양의 표면에 비해 코로나가 매우 어둡기 때문. [...] 코로나 관측이 중요한 이유는?

태양에서는 지금도 끊임없이 우주 공간으로 플라스마라는 전하(물체가 띠는 정전기의 양)를 띤 입자가 뿜어져 나오고 있어요. 그리고 이 입자의 흐름을 태양에서 부는 바람이라는 의미로 태양풍이라고 해요. 태양풍은 태양의 표면에서는 초속 수십㎞ 정도로 불지만 코로나를 지나면서 매우 빠른 속도로 변해요. 초속 수백㎞에 이르기도 하지요. 문제는 이런 빠른 속도의 태양풍이 지구에까지 영향을 미쳐 인간의 삶에도 지장을 준다는 것. 그래서 코로나를 관측해 코로나의 원인 등에 대한 비밀을 풀고자 하는 것이지요.

강력한 태양풍은 지구 궤도(다른 천체의 주위를 돌면서 그리는 일정한 곡선의 길)를 도는 인공위성이 정상적으로 작동하지 못하게 해요. 위성과 지구와의 통신이 끊기는 등의 문제가 발생하지요. 아예 위성이 안정적인 궤도에 진입하지 못하게 막기도 해요. 실제로 지난 2022년 일론 머스크가 이끄는 우주 기업인 스페이스X는 인터넷 사업을 위해 인공위성 49개를 쏘아 올렸지만, 태양풍이 강하게 부는 바람에 위성 대부분이 궤도에 도착하지 못하고 추락하는 사고가 발생하기도 했어요.

코로나에서 고에너지의 입자들이 갑자기 방출(내보냄)될 때 태양 방사선(방사성 원소가 붕괴될 때 나오는 물질로 인체에 해를 끼침)이 지구로 들어오게 되는 문제도 있어요. 마찬가지로 코로나를 관측해야 하는 이유가 되지요. 주로 방사선을 막는 자기장(자기력이 작용하는 공간)이 얇은 극지방에 사는 사람과 이곳을 지나는 항로(비행기가 지나는 하늘의 길)를 자주 이용하는 승무원이 방사선에 노출될 위험이 커요.

ND소프트",,"다음은 뉴스 기사들의 핵심 내용을 요약한 것입니다.

**[태양 코로나그래프 CODEX]** (뉴스 1, 2, 3, 4 통합 요약)

*   한국천문연구원과 NASA가 공동 개발한 태양 관측 특수 망원경 '코로나그래프(CODEX)'가 국제우주정거장(ISS)에 성공적으로 도킹했습니다. 이는 태양 코로나의 비밀을 파헤치기 위한 한미 협력의 결과입니다.
*   코덱스는 태양 표면의 밝은 빛을 가리는 특수 가리개를 통해 '인공 개기일식'을 만들어, 그동안 관측이 어려웠던 태양 코로나를 상시적으로 관측할 수 있습니다. 또한 천문연이 개발한 편광 카메라가 탑재되어 코로나의 다양한 특성을 포착합니다.
*   이 망원경은 코로나의 형상뿐만 아니라 온도와 밀도, 그리고 태양풍의 속도까지 동시에 측정하여 2차원 영상으로 구현하는 첨단 기술을 탑재했습니다. 이는 기존 장비보다 진보된 관측 능력을 제공합니다.
*   코덱스의 주요 임무는 태양 코로나가 표면보다 훨씬 뜨거운 이유와 태양풍의 가속 원리 등 태양 연구의 난제들을 규명하는 것입니다. 이는 태양의 근본적인 비밀을 푸는 데 기여할 것으로 기대됩니다.
*   또한 코덱스 관측 자료는 강력한 태양풍으로 인한 위성 통신 및 전파 통신 장애, 지구 전자장비 오류 등 '우주 날씨' 변화를 더 정확하게 예측하고 대비하는 데 중요한 역할을 할 예정입니다.

---

**[오픈AI 코덱스 앱]** (뉴스 5 요약)

*   챗GPT 개발사 오픈AI가 여러 인공지능(AI) 에이전트를 통합 관리하고 지휘하는 데스크톱 전용 '코덱스 앱'을 출시했습니다. 이는 애플 맥 운영체제에서 먼저 선보였습니다.
*   이 앱은 기존 코딩 도구였던 '코덱스'를 포함해 디자인, 개발, 테스트 등 다양한 역할을 하는 AI 에이전트들의 지휘 통제실 역할을 수행합니다. 이를 통해 다중·병렬 작업이 가능해집니다.
*   코덱스 앱은 사용자의 명령에 따라 여러 에이전트가 동시에 각기 다른 임무를 수행하여 복합적인 작업을 효율적으로 자동화할 수 있도록 돕습니다. 이는 기업 고객과 개발자를 공략하기 위한 오픈AI의 전략입니다."
코덱스-202602121457,2026-02-12 14:57:01.630022,코덱스,2,"한·미 공동개발한 태양 망원경, 우주정거장 도킹 - 중앙일보",https://www.joongang.co.kr/article/25290139,"‘코덱스’(CODEX)

‘코덱스’(CODEX)

우주항공청(KASA)은 지난 5일 오전 11시 29분(한국시간) 미국 플로리다 케네디우주센터에서 발사된 CODEX가 12시간만인 같은 날 오후 11시 52분 성공적으로 국제우주정거장(ISS)에 도킹했다고 6일 발표했다. CODEX는 오는 9일부터 11일까지 사흘에 걸쳐 미 항공우주국(나사·NASA)의 로봇 팔에 의해 ISS에 설치된다. 이후 1개월간 시험운영을 거쳐 6개월에서 최대 2년까지 ISS에서 태양을 관측할 계획이다.

CODEX는 한국천문연구원(천문연)과 나사가 2017년부터 공동 개발한 태양 관측 특수 망원경이다. 두 기관은 망원경의 운용과 관리도 함께 한다. 나사는 CODEX의 ISS 설치와 운영을 담당하고, 천문연은 CODEX의 원격 정보 수신과 관측을 담당한다. CODEX는 ISS가 90분간 지구를 한 바퀴 도는 궤도 주기 동안, 최대 55분간 태양을 관측하는 임무를 수행한다.

CODEX를 활용하면 그간 관측이 어려웠던 태양 대기의 가장 바깥 부분인 ‘코로나(corona)’를 쉽게 관측할 수 있다. 그동안 태양의 바깥 표면은 밝기가 강해 지상에서 관측이 어려웠다. 그래서 나사가 과거 두 차례(1995년, 2006년) 우주에 발사한 태양 관측 망원경(코로나그래프)이 코로나 모양을 촬영해 지상으로 보냈고, 지상에 있는 과학자가 이를 분석했다. CODEX는 코로나의 모양뿐만 아니라, 관측이 어려웠던 온도와 속도를 동시에 측정한 뒤 2차원 영상으로 구현할 수 있는 기술을 탑재했다. [...] 중앙일보

간편 로그인하고 한결 더 편리해진   
나만의 중앙일보를 경험해보세요.

중앙일보 지면 그대로, 뉴스의 큰 그림 그대로 지면보기 이용안내

중앙일보를 만나는 또다른 방법

자동 검색 기능이 작동 중 입니다.

검색어 저장 기능이 꺼져있습니다.

AI 검색은 일반 키워드 검색과는 다르게 문장으로  
질문해주세요. AI가 질문의 의도를 파악해서 참고기사와 함께  
원하는 답변을 해드려요.

![[오늘의 운세] 2월 12일](
![김건희 ""입당하면 날 지켜줄 수 있나?""…이준석에 던진 괴질문 [실록 윤석열 시대2]](
""매일밤 위스키에 이것 탄다""…88세 황동규 시인의 ‘뇌 보약’
![[속보] 국힘 내부 만류에…장동혁, 李대통령 오찬 안 간다](
배우 정은우, 40세 나이로 사망…전날 SNS에 올린 의미심장 글

1
읽는 중

글자크기 설정 시 다른 기사의 본문도  
 동일하게 적용됩니다.

# 한·미 공동개발한 태양 망원경, 우주정거장 도킹

입력

종합 16면

![태양 코로나그래프 ‘코덱스’(CODEX 아래 사진)가 지난 5일 스페이스X 팰컨9에 실려 발사되는 모습. [연합뉴스]](

태양 코로나그래프 ‘코덱스’(CODEX 아래 사진)가 지난 5일 스페이스X 팰컨9에 실려 발사되는 모습. [연합뉴스]

한국과 미국이 공동 개발한 태양 관측 특수 망원경 ‘태양 코로나그래프(CODEX)’가 국제우주정거장(ISS)에 도착했다. 태양풍이 야기하는 각종 우주 날씨 변화를 더 정확하게 예측하기 위한 장비다. 향후 위성통신과 전파통신 장애를 대비하는 데 도움을 줄 전망이다.

‘코덱스’(CODEX) [...] CODEX가 관측한 자료는 우주날씨를 예측하는 데 활용된다. 우주날씨는 우주 공간에서 발생하는 환경 변화로, 태양에서 발생하는 태양풍으로부터 영향을 받는다. 특히 강력한 태양풍인 ‘태양폭풍’이 지구의 자기장과 충돌하면 우주 내 인공위성 통신뿐만 아니라, 지구의 전자장비에도 오류가 발생해 전파통신 등 장애가 생길 수 있다. 더 자세하게 코로나를 관측할 수 있게 되면 이 같은 우주 날씨 변화를 더 정확하게 예측할 수 있다.

강현우 KASA 우주과학탐사 임무설계프로그램장은 “차세대 코로나그래프인 CODEX의 성공적인 발사는 태양 활동에 기인한 우주 환경 예보와 관련 연구에 있어 중대한 진전”이라며 “우주 과학 분야에서 한국의 위상이 한층 높아졌다”고 밝혔다.

윤상언 기자 youn.sangun@joongang.co.kr",,"다음은 뉴스 기사들의 핵심 내용을 요약한 것입니다.

**[태양 코로나그래프 CODEX]** (뉴스 1, 2, 3, 4 통합 요약)

*   한국천문연구원과 NASA가 공동 개발한 태양 관측 특수 망원경 '코로나그래프(CODEX)'가 국제우주정거장(ISS)에 성공적으로 도킹했습니다. 이는 태양 코로나의 비밀을 파헤치기 위한 한미 협력의 결과입니다.
*   코덱스는 태양 표면의 밝은 빛을 가리는 특수 가리개를 통해 '인공 개기일식'을 만들어, 그동안 관측이 어려웠던 태양 코로나를 상시적으로 관측할 수 있습니다. 또한 천문연이 개발한 편광 카메라가 탑재되어 코로나의 다양한 특성을 포착합니다.
*   이 망원경은 코로나의 형상뿐만 아니라 온도와 밀도, 그리고 태양풍의 속도까지 동시에 측정하여 2차원 영상으로 구현하는 첨단 기술을 탑재했습니다. 이는 기존 장비보다 진보된 관측 능력을 제공합니다.
*   코덱스의 주요 임무는 태양 코로나가 표면보다 훨씬 뜨거운 이유와 태양풍의 가속 원리 등 태양 연구의 난제들을 규명하는 것입니다. 이는 태양의 근본적인 비밀을 푸는 데 기여할 것으로 기대됩니다.
*   또한 코덱스 관측 자료는 강력한 태양풍으로 인한 위성 통신 및 전파 통신 장애, 지구 전자장비 오류 등 '우주 날씨' 변화를 더 정확하게 예측하고 대비하는 데 중요한 역할을 할 예정입니다.

---

**[오픈AI 코덱스 앱]** (뉴스 5 요약)

*   챗GPT 개발사 오픈AI가 여러 인공지능(AI) 에이전트를 통합 관리하고 지휘하는 데스크톱 전용 '코덱스 앱'을 출시했습니다. 이는 애플 맥 운영체제에서 먼저 선보였습니다.
*   이 앱은 기존 코딩 도구였던 '코덱스'를 포함해 디자인, 개발, 테스트 등 다양한 역할을 하는 AI 에이전트들의 지휘 통제실 역할을 수행합니다. 이를 통해 다중·병렬 작업이 가능해집니다.
*   코덱스 앱은 사용자의 명령에 따라 여러 에이전트가 동시에 각기 다른 임무를 수행하여 복합적인 작업을 효율적으로 자동화할 수 있도록 돕습니다. 이는 기업 고객과 개발자를 공략하기 위한 오픈AI의 전략입니다."
코덱스-202602121457,2026-02-12 14:57:01.630022,코덱스,3,"태양 비밀 풀 코로나그래프, 5일 발사…한·미 공동 개발 | 연합뉴스",https://www.yna.co.kr/view/AKR20241101050300017,"# 태양 비밀 풀 코로나그래프, 5일 발사…한·미 공동 개발

송고2024-11-01 10:07

송고 2024년11월01일 10시07분

우주항공청과 한국천문연구원은 미국 항공우주국(NASA)과 공동 개발한 태양 코로나그래프(코덱스·CODEX)가 한국시간으로 5일 오전 11시 29분 미국 플로리다주 케네디 우주센터에서 발사된다고 1일 밝혔다.

코덱스는 태양 코로나 형상뿐 아니라 온도와 속도를 동시 측정해 2차원 영상으로 구현할 수 있어 태양 연구 난제인 코로나 가열과 태양풍 가속 비밀을 풀 것으로 기대받고 있다.

조승한
국제우주정거장에 탑재되는 코덱스

[우주항공청 제공. 재판매 및 DB 금지]

(서울=연합뉴스) 조승한 기자 = 우주항공청과 한국천문연구원은 미국 항공우주국(NASA)과 공동 개발한 태양 코로나그래프(코덱스·CODEX)가 한국시간으로 5일 오전 11시 29분 미국 플로리다주 케네디 우주센터에서 발사된다고 1일 밝혔다.

코로나그래프는 밝기가 태양 표면의 백만분의 1 이하인 태양 대기의 가장 바깥 영역인 코로나(corona)를 관측할 수 있는 망원경이다.

코덱스는 태양 코로나 형상뿐 아니라 온도와 속도를 동시 측정해 2차원 영상으로 구현할 수 있어 태양 연구 난제인 코로나 가열과 태양풍 가속 비밀을 풀 것으로 기대받고 있다.

![[그래픽] 국제우주정거장용 태양 코로나 망원경 '코로나그래프'](//img2.yna.co.kr/etc/graphic/YH/2024/11/01/GYH2024110100080004400_P4.jpg) [...] (서울=연합뉴스) 김민지 기자 = minfo@yna.co.kr  
 X(트위터) @yonhap\_graphics 페이스북 tuney.kr/LeYN1

코덱스는 지난 7월 29일부터 8월 2일까지 발사 전 기능 점검을 마쳤으며, 현재 스페이스X의 발사체 팰컨9에 탑재돼 발사를 기다리고 있다.

코덱스는 발사 후 국제우주정거장(ISS)에 설치되는 데 약 1주일이 걸릴 예정이다.

발사 13시간 후 코덱스를 실은 화물선이 ISS에 도킹하고, 이후 로봇팔을 통해 국제우주정거장 외부탑재체 플랫폼(ELC3-3)에 설치된다.

이후 ISS가 지구를 한 바퀴 도는 90분 중 55분씩 관측을 수행하게 된다.

코덱스 임무 운영과 관제는 NASA 고다드 우주비행센터에서 수행하며 천문연은 원격으로 정보를 수신하고 모니터링한다.

강현우 우주청 우주과학탐사임무설계프로그램장은 ""코덱스 임무를 성공적으로 수행하고 태양 연구와 우주 날씨 예측 분야에서 강국으로 도약할 수 있도록 최선을 다하겠다""고 말했다.

shjo@yna.co.kr

제보는 카카오톡 okjebo
<저작권자(c) 연합뉴스,
무단 전재-재배포, AI 학습 및 활용 금지>

2024/11/01 10:07 송고
2024년11월01일 10시07분 송고

### 핫뉴스 [...] ©2026 Yonhapnews Agency

다양한 채널에서 연합뉴스를 만나보세요!

국제우주정거장에 탑재되는 코덱스

[우주항공청 제공. 재판매 및 DB 금지]

![[그래픽] 국제우주정거장용 태양 코로나 망원경 '코로나그래프'](

(서울=연합뉴스) 김민지 기자 = minfo@yna.co.kr  
 X(트위터) @yonhap\_graphics 페이스북 tuney.kr/LeYN1

국제우주정거장에 탑재되는 코덱스
![[그래픽] 국제우주정거장용 태양 코로나 망원경 '코로나그래프'](",,"다음은 뉴스 기사들의 핵심 내용을 요약한 것입니다.

**[태양 코로나그래프 CODEX]** (뉴스 1, 2, 3, 4 통합 요약)

*   한국천문연구원과 NASA가 공동 개발한 태양 관측 특수 망원경 '코로나그래프(CODEX)'가 국제우주정거장(ISS)에 성공적으로 도킹했습니다. 이는 태양 코로나의 비밀을 파헤치기 위한 한미 협력의 결과입니다.
*   코덱스는 태양 표면의 밝은 빛을 가리는 특수 가리개를 통해 '인공 개기일식'을 만들어, 그동안 관측이 어려웠던 태양 코로나를 상시적으로 관측할 수 있습니다. 또한 천문연이 개발한 편광 카메라가 탑재되어 코로나의 다양한 특성을 포착합니다.
*   이 망원경은 코로나의 형상뿐만 아니라 온도와 밀도, 그리고 태양풍의 속도까지 동시에 측정하여 2차원 영상으로 구현하는 첨단 기술을 탑재했습니다. 이는 기존 장비보다 진보된 관측 능력을 제공합니다.
*   코덱스의 주요 임무는 태양 코로나가 표면보다 훨씬 뜨거운 이유와 태양풍의 가속 원리 등 태양 연구의 난제들을 규명하는 것입니다. 이는 태양의 근본적인 비밀을 푸는 데 기여할 것으로 기대됩니다.
*   또한 코덱스 관측 자료는 강력한 태양풍으로 인한 위성 통신 및 전파 통신 장애, 지구 전자장비 오류 등 '우주 날씨' 변화를 더 정확하게 예측하고 대비하는 데 중요한 역할을 할 예정입니다.

---

**[오픈AI 코덱스 앱]** (뉴스 5 요약)

*   챗GPT 개발사 오픈AI가 여러 인공지능(AI) 에이전트를 통합 관리하고 지휘하는 데스크톱 전용 '코덱스 앱'을 출시했습니다. 이는 애플 맥 운영체제에서 먼저 선보였습니다.
*   이 앱은 기존 코딩 도구였던 '코덱스'를 포함해 디자인, 개발, 테스트 등 다양한 역할을 하는 AI 에이전트들의 지휘 통제실 역할을 수행합니다. 이를 통해 다중·병렬 작업이 가능해집니다.
*   코덱스 앱은 사용자의 명령에 따라 여러 에이전트가 동시에 각기 다른 임무를 수행하여 복합적인 작업을 효율적으로 자동화할 수 있도록 돕습니다. 이는 기업 고객과 개발자를 공략하기 위한 오픈AI의 전략입니다."
코덱스-202602121457,2026-02-12 14:57:01.630022,코덱스,4,'인공 일식' 일으켜 태양 관찰…한·미 개발 특수 망원경 우주로 - 경향신문,https://www.khan.co.kr/article/202411051201001,"한국과 미국이 공동 개발한 태양 대기 관측용 특수 망원경 ‘코로나 그래프’가 우주로 발사됐다. 코로나 그래프는 태양 대기 최상층부인 코로나를 쉽게 관찰할 수 있도록 우주에서 가리개를 펴 인공적인 일식을 일으킨다. 코로나가 초고온을 띠는 이유를 규명하고, 지구에 통신 두절 등을 일으키는 ‘태양풍’ 동향을 정밀 관찰하는 임무를 수행할 예정이다.

미국 항공우주국(NASA)은 한국 우주항공청 산하 한국천문연구원과 공동 개발한 코로나 그래프를 미 기업 스페이스X의 로켓 ‘팰컨9’에 실어 4일 오후 9시29분(한국시간 5일 오전 11시29분) 플로리다주 케네디우주센터에서 발사했다고 이날 밝혔다. 발사 장면은 NASA 공식 홈페이지를 통해 생중계됐다.

한·미 연구진은 이번에 자신들이 개발한 코로나 그래프에 ‘코덱스(CODEX)’라는 이름을 붙였다. 코덱스는 원통형 본체와 태양 추적 장치 등을 포함해 총 중량 220㎏이다. 가로와 세로는 각각 1.5ｍ, 높이는 1.3ｍ다.

코덱스는 지구 표면에서 400㎞ 상공에 떠 있는 국제우주정거장(ISS) 외벽에 설치될 예정이다. ISS는 90분에 한 번씩 지구를 도는데, 코덱스는 이 가운데 최대 55분 동안 태양의 코로나를 관찰한다.

코덱스를 발사한 이유는 태양의 가장 상층부 대기인 코로나의 비밀을 풀기 위해서다. 코로나는 온도가 100만~500만도에 이를 정도로 매우 뜨겁지만, 태양 표면 온도는 6000도에 불과하다. 코로나가 유독 뜨거운 이유는 규명돼 있지 않다. [...] # 창간 80주년 경향신문

‘인공 일식’ 일으켜 태양 관찰…한·미 개발 특수 망원경 우주로

경향신문

공유하기

카카오톡

페이스북

X

URL 복사

이메일

보기 설정

글자 크기

보통

크게

아주 크게

컬러 모드

라이트

다크

베이지

그린

컬러 모드

라이트

다크

베이지

그린

본문 요약

내 뉴스플리에 저장

# ‘인공 일식’ 일으켜 태양 관찰…한·미 개발 특수 망원경 우주로

입력 2024.11.05 12:01

수정 2024.11.05 14:01

고도 400㎞ 국제우주정거장 외벽에 설치

‘코덱스’ 명명…태양 표면 가리개 탑재

코로나 초고온 원인 규명…태양풍 피해 예방

미국 항공우주국(NASA)이 1995년 발사한 위성에 실은 ‘코로나 그래프’로 2000년 촬영한 태양 모습. 태양 상층부 대기인 코로나가 일렁이는 모습이 포착됐다. NASA 제공

미국 항공우주국(NASA)이 1995년 발사한 위성에 실은 ‘코로나 그래프’로 2000년 촬영한 태양 모습. 태양 상층부 대기인 코로나가 일렁이는 모습이 포착됐다. NASA 제공

한국과 미국 연구진이 공동 개발한 ‘코덱스(CODEX)’ 모습(오른쪽 사진)과 국제우주정거장(ISS)에서 코덱스가 설치될 위치(왼쪽 사진). 우주항공청 제공

한국과 미국 연구진이 공동 개발한 ‘코덱스(CODEX)’ 모습(오른쪽 사진)과 국제우주정거장(ISS)에서 코덱스가 설치될 위치(왼쪽 사진). 우주항공청 제공 [...] 원인을 알려면 코로나를 지속적으로 관찰해야 하지만 태양 표면보다 100만배 어두운 코로나는 태양 표면을 달이 완전히 가리는 개기일식 때만 볼 수 있다. 밝은 자동차 전조등 옆에 서 있는 촛불을 보려면 손바닥으로 전조등을 최대한 가려야 하는 것과 비슷한 원리다.

코덱스는 이런 한계를 넘기 위해 ‘인공 개기 일식’을 일으키는 특수 망원경이다. 태양 표면의 밝은 빛을 동그란 가리개로 차단한 뒤 코로나를 관찰한다. 굳이 자연적인 개기 일식을 기다리지 않아도 코로나를 수시로 볼 수 있다.

이날 NASA는 “코덱스로 태양풍의 형성 과정도 규명할 수 있을 것”이라고 밝혔다. 태양풍은 코로나에서 유발되는데, 전기적인 성질을 띤 물질이 바람처럼 밀려오는 현상이다. 태양풍이 지구에 닥치면 통신이 두절되거나 전력망이 손상될 수 있다. 코로나를 관찰하는 코덱스를 이용하면 언제, 어느 정도 강도로 태양풍이 지구에 날아들지 예측할 수 있어 적절한 대비가 가능하다.

지금도 우주에는 NASA 등이 발사해 운영 중인 코로나 그래프 2기가 운영 중이다. 하지만 가동한 지 약 20~30년에 달하는 노후 장비다. 반면 이번에 발사된 코덱스는 최신 장비다. 코덱스를 이용하면 기존 장비와 달리 코로나의 형상과 함께 온도와 방출 속도도 동시에 종합 관측할 수 있을 것으로 우주청은 기대하고 있다.

이정호 기자

이정호 기자

산업부

글자 크기 설정

보통

크게

아주 크게

컬러 모드 설정

라이트

다크

베이지

그린

공유하기

카카오톡

페이스북

X

URL 복사

이메일

### 주요 기사",,"다음은 뉴스 기사들의 핵심 내용을 요약한 것입니다.

**[태양 코로나그래프 CODEX]** (뉴스 1, 2, 3, 4 통합 요약)

*   한국천문연구원과 NASA가 공동 개발한 태양 관측 특수 망원경 '코로나그래프(CODEX)'가 국제우주정거장(ISS)에 성공적으로 도킹했습니다. 이는 태양 코로나의 비밀을 파헤치기 위한 한미 협력의 결과입니다.
*   코덱스는 태양 표면의 밝은 빛을 가리는 특수 가리개를 통해 '인공 개기일식'을 만들어, 그동안 관측이 어려웠던 태양 코로나를 상시적으로 관측할 수 있습니다. 또한 천문연이 개발한 편광 카메라가 탑재되어 코로나의 다양한 특성을 포착합니다.
*   이 망원경은 코로나의 형상뿐만 아니라 온도와 밀도, 그리고 태양풍의 속도까지 동시에 측정하여 2차원 영상으로 구현하는 첨단 기술을 탑재했습니다. 이는 기존 장비보다 진보된 관측 능력을 제공합니다.
*   코덱스의 주요 임무는 태양 코로나가 표면보다 훨씬 뜨거운 이유와 태양풍의 가속 원리 등 태양 연구의 난제들을 규명하는 것입니다. 이는 태양의 근본적인 비밀을 푸는 데 기여할 것으로 기대됩니다.
*   또한 코덱스 관측 자료는 강력한 태양풍으로 인한 위성 통신 및 전파 통신 장애, 지구 전자장비 오류 등 '우주 날씨' 변화를 더 정확하게 예측하고 대비하는 데 중요한 역할을 할 예정입니다.

---

**[오픈AI 코덱스 앱]** (뉴스 5 요약)

*   챗GPT 개발사 오픈AI가 여러 인공지능(AI) 에이전트를 통합 관리하고 지휘하는 데스크톱 전용 '코덱스 앱'을 출시했습니다. 이는 애플 맥 운영체제에서 먼저 선보였습니다.
*   이 앱은 기존 코딩 도구였던 '코덱스'를 포함해 디자인, 개발, 테스트 등 다양한 역할을 하는 AI 에이전트들의 지휘 통제실 역할을 수행합니다. 이를 통해 다중·병렬 작업이 가능해집니다.
*   코덱스 앱은 사용자의 명령에 따라 여러 에이전트가 동시에 각기 다른 임무를 수행하여 복합적인 작업을 효율적으로 자동화할 수 있도록 돕습니다. 이는 기업 고객과 개발자를 공략하기 위한 오픈AI의 전략입니다."
코덱스-202602121457,2026-02-12 14:57:01.630022,코덱스,5,"오픈AI, AI에이전트 지휘하는 '코덱스 앱' 출시…기업고객 공략 - 연합뉴스",https://www.yna.co.kr/view/AKR20260203005900091,"# 오픈AI, AI에이전트 지휘하는 '코덱스 앱' 출시…기업고객 공략

송고2026-02-03 04:43

송고 2026년02월03일 04시43분

챗GPT 개발사 오픈AI가 여러 인공지능 에이전트를 지휘하는 데스크톱 전용 앱을 내놨다.

오픈AI는 애플의 맥 운영체제 컴퓨터에서 동작하는 AI 에이전트 관리 도구 '코덱스 앱'을 출시한다고 2일 밝혔다.

오픈AI가 이전에 내놨던 '코덱스'가 단순히 사용자의 요구에 따라 프로그램을 짜주는 코딩 도구였다면, 코덱스 앱은 코덱스를 포함해 디자인, 배포 등을 담당하는 여러 에이전트의 지휘 통제실 역할을 한다.

## 스노플레이크와 2억 달러 파트너십 체결

!(//img9.yna.co.kr/photo/reuters/2026/01/30/PRU20260130093801009_P4.jpg)

[로이터=연합뉴스 자료사진. 재판매 및 DB 금지]

(샌프란시스코=연합뉴스) 권영전 특파원 = 챗GPT 개발사 오픈AI가 여러 인공지능(AI) 에이전트를 지휘하는 데스크톱 전용 앱을 내놨다.

오픈AI는 애플의 맥 운영체제(OS) 컴퓨터에서 동작하는 AI 에이전트 관리 도구 '코덱스 앱'을 출시한다고 2일(현지시간) 밝혔다.

오픈AI가 이전에 내놨던 '코덱스'가 단순히 사용자의 요구에 따라 프로그램을 짜주는 코딩 도구였다면, 코덱스 앱은 코덱스를 포함해 디자인, 배포 등을 담당하는 여러 에이전트의 지휘 통제실 역할을 한다.

코덱스 앱의 핵심 기능은 다중·병렬 작업이다. 여러 에이전트에 각기 임무를 주고 이를 동시에 시행하도록 할 수 있다. [...] 이를 이용하면 가령 자동차 경주 게임을 만들어달라는 명령어만 입력하면 각각의 에이전트가 디자이너, 개발자, 오류 시험자 등의 역할을 수행하며 직접 게임을 만들고 직접 이를 구동해 오류를 확인·수정하게 할 수 있다.

경쟁사인 구글과 앤트로픽도 '제미나이 코드 어시스턴트', '클로드 컴퓨터 유스' 등 에이전트 관련 기능이 있으나 코덱스 앱은 독립된 데스크톱 앱이라는 점에서 이용자 편의성이 좀 더 높을 것으로 예상된다.

최근 개인 고객을 넘어 기업 고객 유치에 적극적으로 나선 오픈AI가 개발자들을 공략해 시장 점유율을 끌어올리기 위한 전략을 편 것으로 풀이된다.

오픈AI는 이 도구를 챗GPT 플러스·프로나 기업용 등 유료 구독자들을 대상으로 내놨으나, 한시적으로 무료 이용자와 저가 요금제 '챗GPT 고' 이용자에게도 개방하기로 했다.

또 맥OS 이외에 마이크로소프트(MS) 윈도 OS 컴퓨터용으로도 곧 선보일 계획이다.

다만 코덱스 앱은 오픈AI가 기존에 사용하던 '코덱스' 브랜드의 여러 도구와 혼동을 일으킬 가능성도 있다.

일부 개발자는 오픈AI 도구 가운데 '코덱스'라는 이름이 붙은 것이 5∼6종에 달하며, 이 때문에 개발자들 사이에서 오해가 생길 수 있다고 지적하기도 했다.

한편, 오픈AI는 이날 클라우드 데이터 플랫폼 기업 스노플레이크와 2억 달러(약 2천900억원) 규모의 다년 계약을 체결했다고도 공지했다.

이에 따라 스노플레이크의 고객들은 데이터를 외부로 옮기지 않고 오픈AI 모델을 활용해 AI 에이전트를 구축할 수 있게 된다.

comma@yna.co.kr [...] 다양한 채널에서 연합뉴스를 만나보세요!

©2026 Yonhapnews Agency

다양한 채널에서 연합뉴스를 만나보세요!

!(

[로이터=연합뉴스 자료사진. 재판매 및 DB 금지]

!(",,"다음은 뉴스 기사들의 핵심 내용을 요약한 것입니다.

**[태양 코로나그래프 CODEX]** (뉴스 1, 2, 3, 4 통합 요약)

*   한국천문연구원과 NASA가 공동 개발한 태양 관측 특수 망원경 '코로나그래프(CODEX)'가 국제우주정거장(ISS)에 성공적으로 도킹했습니다. 이는 태양 코로나의 비밀을 파헤치기 위한 한미 협력의 결과입니다.
*   코덱스는 태양 표면의 밝은 빛을 가리는 특수 가리개를 통해 '인공 개기일식'을 만들어, 그동안 관측이 어려웠던 태양 코로나를 상시적으로 관측할 수 있습니다. 또한 천문연이 개발한 편광 카메라가 탑재되어 코로나의 다양한 특성을 포착합니다.
*   이 망원경은 코로나의 형상뿐만 아니라 온도와 밀도, 그리고 태양풍의 속도까지 동시에 측정하여 2차원 영상으로 구현하는 첨단 기술을 탑재했습니다. 이는 기존 장비보다 진보된 관측 능력을 제공합니다.
*   코덱스의 주요 임무는 태양 코로나가 표면보다 훨씬 뜨거운 이유와 태양풍의 가속 원리 등 태양 연구의 난제들을 규명하는 것입니다. 이는 태양의 근본적인 비밀을 푸는 데 기여할 것으로 기대됩니다.
*   또한 코덱스 관측 자료는 강력한 태양풍으로 인한 위성 통신 및 전파 통신 장애, 지구 전자장비 오류 등 '우주 날씨' 변화를 더 정확하게 예측하고 대비하는 데 중요한 역할을 할 예정입니다.

---

**[오픈AI 코덱스 앱]** (뉴스 5 요약)

*   챗GPT 개발사 오픈AI가 여러 인공지능(AI) 에이전트를 통합 관리하고 지휘하는 데스크톱 전용 '코덱스 앱'을 출시했습니다. 이는 애플 맥 운영체제에서 먼저 선보였습니다.
*   이 앱은 기존 코딩 도구였던 '코덱스'를 포함해 디자인, 개발, 테스트 등 다양한 역할을 하는 AI 에이전트들의 지휘 통제실 역할을 수행합니다. 이를 통해 다중·병렬 작업이 가능해집니다.
*   코덱스 앱은 사용자의 명령에 따라 여러 에이전트가 동시에 각기 다른 임무를 수행하여 복합적인 작업을 효율적으로 자동화할 수 있도록 돕습니다. 이는 기업 고객과 개발자를 공략하기 위한 오픈AI의 전략입니다."
오픈AI 코덱스-202602121458,2026-02-12 14:58:37.632935,오픈AI 코덱스,1,"오픈AI 전세계 조직, 샌프란서 전략회의…""코드레드 아직 발령중""",https://www.yna.co.kr/amp/view/AKR20260211042400091,"실제로 오픈AI는 코딩 보조도구인 '코덱스'의 성장세를 강조하는가 하면, 기업의 인공지능(AI) 도입을 돕는 기술 자문역을 채용하고 기업용 AI",,"다음은 뉴스 기사들의 핵심 내용을 요약한 것입니다.

*   오픈AI가 여러 AI 에이전트를 지휘하고 관리하는 데스크톱 전용 앱인 '코덱스 앱'을 출시했습니다. 이 앱은 개발자, 디자이너, 오류 시험자 등 여러 역할을 하는 에이전트들이 협력하여 복잡한 작업을 수행하도록 돕습니다.
*   새로운 '코덱스 앱'은 단순히 코드를 생성하던 기존 '코덱스' 모델과 달리, 다양한 AI 에이전트의 지휘 통제실 역할을 수행하며 다중·병렬 작업이 가능합니다. 이는 이전 코딩 도구의 확장 버전이자 관리 플랫폼입니다.
*   수익 모델 확보와 시장 점유율 확대를 위해 기업 고객과 개발자들을 공략하는 전략이며, 애플 맥OS를 시작으로 마이크로소프트 윈도우 OS 버전도 곧 출시될 예정입니다. 유료 구독자 대상이지만, 한시적으로 무료 이용자에게도 개방됩니다.
*   경쟁사들의 유사 기능과 비교했을 때, '코덱스 앱'은 독립된 데스크톱 앱 형태로 사용자 편의성을 높여 경쟁 우위를 확보하려 합니다. 이를 통해 소프트웨어 개발 과정을 자동화하고 간소화합니다.
*   오픈AI는 클라우드 데이터 플랫폼 스노플레이크와 2억 달러 규모의 다년 계약을 체결하며 AI 에이전트 생태계를 확장하고 있습니다. 다만, '코덱스'라는 이름이 여러 도구에 사용되어 개발자들 사이에서 혼동을 일으킬 수 있다는 지적도 있습니다."
오픈AI 코덱스-202602121458,2026-02-12 14:58:37.632935,오픈AI 코덱스,2,"수익 모델 급한 오픈AI, AI 에이전트 지휘하는 '코덱스 앱' 출시 - YTN",https://www.ytn.co.kr/_ln/0104_202602030546196631,오픈AI는 애플의 맥 운영체제(OS) 컴퓨터에서 동작하는 AI 에이전트 관리 도구 '코덱스 앱'을 출시한다고 밝혔습니다. 오픈AI의 이전 '코덱스'가 단순히,,"다음은 뉴스 기사들의 핵심 내용을 요약한 것입니다.

*   오픈AI가 여러 AI 에이전트를 지휘하고 관리하는 데스크톱 전용 앱인 '코덱스 앱'을 출시했습니다. 이 앱은 개발자, 디자이너, 오류 시험자 등 여러 역할을 하는 에이전트들이 협력하여 복잡한 작업을 수행하도록 돕습니다.
*   새로운 '코덱스 앱'은 단순히 코드를 생성하던 기존 '코덱스' 모델과 달리, 다양한 AI 에이전트의 지휘 통제실 역할을 수행하며 다중·병렬 작업이 가능합니다. 이는 이전 코딩 도구의 확장 버전이자 관리 플랫폼입니다.
*   수익 모델 확보와 시장 점유율 확대를 위해 기업 고객과 개발자들을 공략하는 전략이며, 애플 맥OS를 시작으로 마이크로소프트 윈도우 OS 버전도 곧 출시될 예정입니다. 유료 구독자 대상이지만, 한시적으로 무료 이용자에게도 개방됩니다.
*   경쟁사들의 유사 기능과 비교했을 때, '코덱스 앱'은 독립된 데스크톱 앱 형태로 사용자 편의성을 높여 경쟁 우위를 확보하려 합니다. 이를 통해 소프트웨어 개발 과정을 자동화하고 간소화합니다.
*   오픈AI는 클라우드 데이터 플랫폼 스노플레이크와 2억 달러 규모의 다년 계약을 체결하며 AI 에이전트 생태계를 확장하고 있습니다. 다만, '코덱스'라는 이름이 여러 도구에 사용되어 개발자들 사이에서 혼동을 일으킬 수 있다는 지적도 있습니다."
오픈AI 코덱스-202602121458,2026-02-12 14:58:37.632935,오픈AI 코덱스,3,"오픈AI, AI 코딩 에이전트 공개…빅테크와 본격 경쟁 | 연합뉴스",https://www.yna.co.kr/view/AKR20250517003000091,코덱스는 소프트웨어 엔지니어링에 최적화된 오픈AI의 추론 모델 'o3'를 기반으로 작동한다고 오픈AI는 설명했다. 오픈AI는 코덱스가 아직 초기 단계로,,"다음은 뉴스 기사들의 핵심 내용을 요약한 것입니다.

*   오픈AI가 여러 AI 에이전트를 지휘하고 관리하는 데스크톱 전용 앱인 '코덱스 앱'을 출시했습니다. 이 앱은 개발자, 디자이너, 오류 시험자 등 여러 역할을 하는 에이전트들이 협력하여 복잡한 작업을 수행하도록 돕습니다.
*   새로운 '코덱스 앱'은 단순히 코드를 생성하던 기존 '코덱스' 모델과 달리, 다양한 AI 에이전트의 지휘 통제실 역할을 수행하며 다중·병렬 작업이 가능합니다. 이는 이전 코딩 도구의 확장 버전이자 관리 플랫폼입니다.
*   수익 모델 확보와 시장 점유율 확대를 위해 기업 고객과 개발자들을 공략하는 전략이며, 애플 맥OS를 시작으로 마이크로소프트 윈도우 OS 버전도 곧 출시될 예정입니다. 유료 구독자 대상이지만, 한시적으로 무료 이용자에게도 개방됩니다.
*   경쟁사들의 유사 기능과 비교했을 때, '코덱스 앱'은 독립된 데스크톱 앱 형태로 사용자 편의성을 높여 경쟁 우위를 확보하려 합니다. 이를 통해 소프트웨어 개발 과정을 자동화하고 간소화합니다.
*   오픈AI는 클라우드 데이터 플랫폼 스노플레이크와 2억 달러 규모의 다년 계약을 체결하며 AI 에이전트 생태계를 확장하고 있습니다. 다만, '코덱스'라는 이름이 여러 도구에 사용되어 개발자들 사이에서 혼동을 일으킬 수 있다는 지적도 있습니다."
오픈AI 코덱스-202602121458,2026-02-12 14:58:37.632935,오픈AI 코덱스,4,"오픈AI, AI에이전트 지휘하는 '코덱스 앱' 출시…기업고객 공략 | 연합뉴스",https://www.yna.co.kr/view/AKR20260203005900091,"이를 이용하면 가령 자동차 경주 게임을 만들어달라는 명령어만 입력하면 각각의 에이전트가 디자이너, 개발자, 오류 시험자 등의 역할을 수행하며 직접 게임을 만들고 직접 이를 구동해 오류를 확인·수정하게 할 수 있다.

경쟁사인 구글과 앤트로픽도 '제미나이 코드 어시스턴트', '클로드 컴퓨터 유스' 등 에이전트 관련 기능이 있으나 코덱스 앱은 독립된 데스크톱 앱이라는 점에서 이용자 편의성이 좀 더 높을 것으로 예상된다.

최근 개인 고객을 넘어 기업 고객 유치에 적극적으로 나선 오픈AI가 개발자들을 공략해 시장 점유율을 끌어올리기 위한 전략을 편 것으로 풀이된다.

오픈AI는 이 도구를 챗GPT 플러스·프로나 기업용 등 유료 구독자들을 대상으로 내놨으나, 한시적으로 무료 이용자와 저가 요금제 '챗GPT 고' 이용자에게도 개방하기로 했다.

또 맥OS 이외에 마이크로소프트(MS) 윈도 OS 컴퓨터용으로도 곧 선보일 계획이다.

다만 코덱스 앱은 오픈AI가 기존에 사용하던 '코덱스' 브랜드의 여러 도구와 혼동을 일으킬 가능성도 있다.

일부 개발자는 오픈AI 도구 가운데 '코덱스'라는 이름이 붙은 것이 5∼6종에 달하며, 이 때문에 개발자들 사이에서 오해가 생길 수 있다고 지적하기도 했다.

한편, 오픈AI는 이날 클라우드 데이터 플랫폼 기업 스노플레이크와 2억 달러(약 2천900억원) 규모의 다년 계약을 체결했다고도 공지했다.

이에 따라 스노플레이크의 고객들은 데이터를 외부로 옮기지 않고 오픈AI 모델을 활용해 AI 에이전트를 구축할 수 있게 된다.

comma@yna.co.kr [...] # 오픈AI, AI에이전트 지휘하는 '코덱스 앱' 출시…기업고객 공략

송고2026-02-03 04:43

송고 2026년02월03일 04시43분

챗GPT 개발사 오픈AI가 여러 인공지능 에이전트를 지휘하는 데스크톱 전용 앱을 내놨다.

오픈AI는 애플의 맥 운영체제 컴퓨터에서 동작하는 AI 에이전트 관리 도구 '코덱스 앱'을 출시한다고 2일 밝혔다.

오픈AI가 이전에 내놨던 '코덱스'가 단순히 사용자의 요구에 따라 프로그램을 짜주는 코딩 도구였다면, 코덱스 앱은 코덱스를 포함해 디자인, 배포 등을 담당하는 여러 에이전트의 지휘 통제실 역할을 한다.

## 스노플레이크와 2억 달러 파트너십 체결

!(//img9.yna.co.kr/photo/reuters/2026/01/30/PRU20260130093801009_P4.jpg)

[로이터=연합뉴스 자료사진. 재판매 및 DB 금지]

(샌프란시스코=연합뉴스) 권영전 특파원 = 챗GPT 개발사 오픈AI가 여러 인공지능(AI) 에이전트를 지휘하는 데스크톱 전용 앱을 내놨다.

오픈AI는 애플의 맥 운영체제(OS) 컴퓨터에서 동작하는 AI 에이전트 관리 도구 '코덱스 앱'을 출시한다고 2일(현지시간) 밝혔다.

오픈AI가 이전에 내놨던 '코덱스'가 단순히 사용자의 요구에 따라 프로그램을 짜주는 코딩 도구였다면, 코덱스 앱은 코덱스를 포함해 디자인, 배포 등을 담당하는 여러 에이전트의 지휘 통제실 역할을 한다.

코덱스 앱의 핵심 기능은 다중·병렬 작업이다. 여러 에이전트에 각기 임무를 주고 이를 동시에 시행하도록 할 수 있다. [...] 다양한 채널에서 연합뉴스를 만나보세요!

©2026 Yonhapnews Agency

다양한 채널에서 연합뉴스를 만나보세요!

!(

[로이터=연합뉴스 자료사진. 재판매 및 DB 금지]

!(",,"다음은 뉴스 기사들의 핵심 내용을 요약한 것입니다.

*   오픈AI가 여러 AI 에이전트를 지휘하고 관리하는 데스크톱 전용 앱인 '코덱스 앱'을 출시했습니다. 이 앱은 개발자, 디자이너, 오류 시험자 등 여러 역할을 하는 에이전트들이 협력하여 복잡한 작업을 수행하도록 돕습니다.
*   새로운 '코덱스 앱'은 단순히 코드를 생성하던 기존 '코덱스' 모델과 달리, 다양한 AI 에이전트의 지휘 통제실 역할을 수행하며 다중·병렬 작업이 가능합니다. 이는 이전 코딩 도구의 확장 버전이자 관리 플랫폼입니다.
*   수익 모델 확보와 시장 점유율 확대를 위해 기업 고객과 개발자들을 공략하는 전략이며, 애플 맥OS를 시작으로 마이크로소프트 윈도우 OS 버전도 곧 출시될 예정입니다. 유료 구독자 대상이지만, 한시적으로 무료 이용자에게도 개방됩니다.
*   경쟁사들의 유사 기능과 비교했을 때, '코덱스 앱'은 독립된 데스크톱 앱 형태로 사용자 편의성을 높여 경쟁 우위를 확보하려 합니다. 이를 통해 소프트웨어 개발 과정을 자동화하고 간소화합니다.
*   오픈AI는 클라우드 데이터 플랫폼 스노플레이크와 2억 달러 규모의 다년 계약을 체결하며 AI 에이전트 생태계를 확장하고 있습니다. 다만, '코덱스'라는 이름이 여러 도구에 사용되어 개발자들 사이에서 혼동을 일으킬 수 있다는 지적도 있습니다."
오픈AI 코덱스-202602121458,2026-02-12 14:58:37.632935,오픈AI 코덱스,5,애플도 AI 코딩 플랫폼 내놨다… 코드 생성부터 배포까지 '에이전틱 ...,https://www.joongang.co.kr/article/25402579,코덱스 앱은 엑스코드와 유사하게 각종 개발 관련 에이전트를 한데 모아 사용할 수 있는 일종의 플랫폼이다. 오픈AI는 지난해 5월 코드를 짜주는 모델인,,"다음은 뉴스 기사들의 핵심 내용을 요약한 것입니다.

*   오픈AI가 여러 AI 에이전트를 지휘하고 관리하는 데스크톱 전용 앱인 '코덱스 앱'을 출시했습니다. 이 앱은 개발자, 디자이너, 오류 시험자 등 여러 역할을 하는 에이전트들이 협력하여 복잡한 작업을 수행하도록 돕습니다.
*   새로운 '코덱스 앱'은 단순히 코드를 생성하던 기존 '코덱스' 모델과 달리, 다양한 AI 에이전트의 지휘 통제실 역할을 수행하며 다중·병렬 작업이 가능합니다. 이는 이전 코딩 도구의 확장 버전이자 관리 플랫폼입니다.
*   수익 모델 확보와 시장 점유율 확대를 위해 기업 고객과 개발자들을 공략하는 전략이며, 애플 맥OS를 시작으로 마이크로소프트 윈도우 OS 버전도 곧 출시될 예정입니다. 유료 구독자 대상이지만, 한시적으로 무료 이용자에게도 개방됩니다.
*   경쟁사들의 유사 기능과 비교했을 때, '코덱스 앱'은 독립된 데스크톱 앱 형태로 사용자 편의성을 높여 경쟁 우위를 확보하려 합니다. 이를 통해 소프트웨어 개발 과정을 자동화하고 간소화합니다.
*   오픈AI는 클라우드 데이터 플랫폼 스노플레이크와 2억 달러 규모의 다년 계약을 체결하며 AI 에이전트 생태계를 확장하고 있습니다. 다만, '코덱스'라는 이름이 여러 도구에 사용되어 개발자들 사이에서 혼동을 일으킬 수 있다는 지적도 있습니다."
